<?xml version="1.0" encoding="UTF-8" standalone="yes"?>
<addon id="plugin.video.chclip"
	name="Christian Clip"
	version="1.0.0"
	provider-name="amio">
  <requires>
    <import addon="xbmc.python" version="2.0"/>
    <import addon="plugin.video.youtube" version="3.0.0"/>
  </requires>
  <extension point="xbmc.python.pluginsource" library="default.py">
    <provides>video</provides>
  </extension>
  <extension point="xbmc.addon.metadata">
    <summary lang="en">chclip</summary>
    <description lang="en">chclip</description>
    <platform>all</platform>
  </extension>
</addon>
